{"class": "normal", "probability": 71.93082571029663, "data": [1.0, 0.7572115659713745, 0.20432692766189572, 0.1850961595773697, 0.14903846383094788, 0.10096153616905212, 0.11057692021131516, 0.09855769574642179, 0.11778846383094788, 0.18028846383094788, 0.26442307233810425, 0.3173076808452606, 0.3389423191547394, 0.34375, 0.3485576808452606, 0.36057692766189575, 0.375, 0.3725961446762085, 0.38942307233810414, 0.4038461446762085, 0.4038461446762085, 0.4326923191547394, 0.45673078298568726]}